Gene	L-score
Gm49144	0.9353881054211588
Nsun3	0.496691475553424
Ten1	0.1683513817488177
Strip1	0.18299108720649007
Magee1	0.16542023517317442
Gm47728	0.7895910952083053
Cldn23	0.25790137977161215
Wdr27	0.32098171648355134
Lrmda	0.9360376081525656
Stat3	0.35275055231835245
